choice_id;numero_eleccion;idp;feat.CantCuotas;feat.CAE;feat.CTC;feat.VC;choice;option;condicion_experimental;type_cons;macroescenario;monto_oferta;ola1.cuotas_optimas_100k;ola1.cuotas_optimas_200k;ola1.cuotas_optimas_400k;ola1.cuotas_optimas_500k;ola1.cuotas_optimas_1m;ola1.cuotas_optimas_5m;ola2.error_estimacion_CTC_O2_E2;ola2.error_estimacion_VC_O2_E2;ola2.error_esq_pago;ola2.error_recordacion_CTC_O3_E2;ola2.error_recordacion_Cuotas_O3_E2;ola2.error_recordacion_CAE_O3_E2;ola2.error_recordacion_VC_O3_E2;ola2.grado_consistencia;ola2.grado_corr.dominancia;ola2.est_mercado;dem.mujer;dem.liquidez;dem.lit_fin
1;1;1;24;29.32;634560;26440;0;1;T2;consistencia_slider;Salud;400000;3;4;6;13;5;30;-200;0;0;0;0.0447;;2;1;2;barato;0;1500;1
1;1;1;6;30.04;460080;76680;1;2;T2;consistencia_slider;Salud;400000;3;4;6;13;5;30;-200;0;0;0;0.0447;;2;1;2;barato;0;1500;1
2;2;1;6;30.18;1150900;191817;1;1;T2;consistencia_slider;Viaje;1000000;3;4;6;13;5;30;-200;0;0;0;0.0447;;2;1;2;barato;0;1500;1
2;2;1;8;33.35;1222333;152792;0;2;T2;consistencia_slider;Viaje;1000000;3;4;6;13;5;30;-200;0;0;0;0.0447;;2;1;2;barato;0;1500;1
3;3;1;12;17.04;234080;19507;0;1;T2;consistencia_tabla;TV;200000;3;4;6;13;5;30;-200;0;0;0;0.0447;;2;1;2;barato;0;1500;1
3;3;1;8;10.59;214120;26765;1;2;T2;consistencia_tabla;TV;200000;3;4;6;13;5;30;-200;0;0;0;0.0447;;2;1;2;barato;0;1500;1
4;4;1;5;24.19;220158;44032;1;1;T2;eleccion_dominada;TV;200000;3;4;6;13;5;30;-200;0;0;0;0.0447;;2;1;2;barato;0;1500;1
4;4;1;12;31.76;263520;21960;0;2;T2;eleccion_dominada;TV;200000;3;4;6;13;5;30;-200;0;0;0;0.0447;;2;1;2;barato;0;1500;1
5;5;1;8;27.37;1182467;147808;1;1;T2;eleccion_dominada;Viaje;1000000;3;4;6;13;5;30;-200;0;0;0;0.0447;;2;1;2;barato;0;1500;1
5;5;1;24;28.61;1572200;65508;0;2;T2;eleccion_dominada;Viaje;1000000;3;4;6;13;5;30;-200;0;0;0;0.0447;;2;1;2;barato;0;1500;1
6;6;1;5;30.46;450767;90153;1;1;T2;consistencia_slider;Salud;400000;3;4;6;13;5;30;-200;0;0;0;0.0447;;2;1;2;barato;0;1500;1
6;6;1;5;36.15;460250;92050;0;2;T2;consistencia_slider;Salud;400000;3;4;6;13;5;30;-200;0;0;0;0.0447;;2;1;2;barato;0;1500;1
7;1;2;8;31.44;241920;30240;0;1;T1;consistencia_slider;TV;200000;3;8;9;6;6;29;0;0;0;0;0.6934;;3;1;2;similar;1;200;1
7;1;2;5;29.86;224883;44977;1;2;T1;consistencia_slider;TV;200000;3;8;9;6;6;29;0;0;0;0;0.6934;;3;1;2;similar;1;200;1
8;2;2;24;21.29;570320;23763;0;1;T1;eleccion_dominada;Salud;400000;3;8;9;6;6;29;0;0;0;0;0.6934;;3;1;2;similar;1;200;1
8;2;2;24;21.28;570240;23760;1;2;T1;eleccion_dominada;Salud;400000;3;8;9;6;6;29;0;0;0;0;0.6934;;3;1;2;similar;1;200;1
9;3;2;18;19.93;1298950;72164;1;1;T1;consistencia_slider;Viaje;1000000;3;8;9;6;6;29;0;0;0;0;0.6934;;3;1;2;similar;1;200;1
9;3;2;24;20.55;1411000;58792;0;2;T1;consistencia_slider;Viaje;1000000;3;8;9;6;6;29;0;0;0;0;0.6934;;3;1;2;similar;1;200;1
10;4;2;6;22.24;444480;74080;1;1;T1;consistencia_tabla;Salud;400000;3;8;9;6;6;29;0;0;0;0;0.6934;;3;1;2;similar;1;200;1
10;4;2;5;22.39;437317;87463;0;2;T1;consistencia_tabla;Salud;400000;3;8;9;6;6;29;0;0;0;0;0.6934;;3;1;2;similar;1;200;1
11;5;2;24;27.55;310200;12925;0;1;T1;consistencia_slider;TV;200000;3;8;9;6;6;29;0;0;0;0;0.6934;;3;1;2;similar;1;200;1
11;5;2;5;26.3;221917;44383;1;2;T1;consistencia_slider;TV;200000;3;8;9;6;6;29;0;0;0;0;0.6934;;3;1;2;similar;1;200;1
12;6;2;18;25.58;553480;30749;1;1;T1;consistencia_tabla;Salud;400000;3;8;9;6;6;29;0;0;0;0;0.6934;;3;1;2;similar;1;200;1
12;6;2;5;31.35;452250;90450;0;2;T1;consistencia_tabla;Salud;400000;3;8;9;6;6;29;0;0;0;0;0.6934;;3;1;2;similar;1;200;1
13;1;3;18;30.25;290750;16153;0;1;GC;consistencia_tabla;TV;200000;4;6;7;12;4;35;401;0;0;0;0.7615;;2;2;2;caro;1;1500;1
13;1;3;18;37.51;312530;17363;1;2;GC;consistencia_tabla;TV;200000;4;6;7;12;4;35;401;0;0;0;0.7615;;2;2;2;caro;1;1500;1
14;2;3;5;24.77;441283;88257;1;1;GC;consistencia_tabla;Salud;400000;4;6;7;12;4;35;401;0;0;0;0.7615;;2;2;2;caro;1;1500;1
14;2;3;8;31.64;484373;60547;0;2;GC;consistencia_tabla;Salud;400000;4;6;7;12;4;35;401;0;0;0;0.7615;;2;2;2;caro;1;1500;1
15;3;3;5;33.94;228283;45657;0;1;GC;eleccion_dominada;TV;200000;4;6;7;12;4;35;401;0;0;0;0.7615;;2;2;2;caro;1;1500;1
15;3;3;5;37.65;231375;46275;1;2;GC;eleccion_dominada;TV;200000;4;6;7;12;4;35;401;0;0;0;0.7615;;2;2;2;caro;1;1500;1
16;4;3;12;17.57;470280;39190;0;1;GC;consistencia_slider;Salud;400000;4;6;7;12;4;35;401;0;0;0;0.7615;;2;2;2;caro;1;1500;1
16;4;3;6;24.72;449440;74907;1;2;GC;consistencia_slider;Salud;400000;4;6;7;12;4;35;401;0;0;0;0.7615;;2;2;2;caro;1;1500;1
17;5;3;18;34.29;605740;33652;1;1;GC;consistencia_tabla;Salud;400000;4;6;7;12;4;35;401;0;0;0;0.7615;;2;2;2;caro;1;1500;1
17;5;3;24;38.37;706960;29457;0;2;GC;consistencia_tabla;Salud;400000;4;6;7;12;4;35;401;0;0;0;0.7615;;2;2;2;caro;1;1500;1
18;6;3;24;34.9;1698000;70750;0;1;GC;consistencia_tabla;Viaje;1000000;4;6;7;12;4;35;401;0;0;0;0.7615;;2;2;2;caro;1;1500;1
18;6;3;18;32.87;1493050;82947;1;2;GC;consistencia_tabla;Viaje;1000000;4;6;7;12;4;35;401;0;0;0;0.7615;;2;2;2;caro;1;1500;1
19;1;4;18;24.71;1370650;76147;0;1;GC;eleccion_dominada;Viaje;1000000;6;4;8;5;5;34;0;0;0;0;0.1011;;2;2;0;caro;0;300;0
19;1;4;18;18.83;1282450;71247;1;2;GC;eleccion_dominada;Viaje;1000000;6;4;8;5;5;34;0;0;0;0;0.1011;;2;2;0;caro;0;300;0
20;2;4;6;31.15;231150;38525;1;1;GC;consistencia_tabla;TV;200000;6;4;8;5;5;34;0;0;0;0;0.1011;;2;2;0;caro;0;300;0
20;2;4;24;24.66;298640;12443;0;2;GC;consistencia_tabla;TV;200000;6;4;8;5;5;34;0;0;0;0;0.1011;;2;2;0;caro;0;300;0
21;3;4;24;24.34;1486800;61950;1;1;GC;consistencia_tabla;Viaje;1000000;6;4;8;5;5;34;0;0;0;0;0.1011;;2;2;0;caro;0;300;0
21;3;4;24;17.21;1344200;56008;0;2;GC;consistencia_tabla;Viaje;1000000;6;4;8;5;5;34;0;0;0;0;0.1011;;2;2;0;caro;0;300;0
22;4;4;8;23.05;230733;28842;0;1;GC;consistencia_slider;TV;200000;6;4;8;5;5;34;0;0;0;0;0.1011;;2;2;0;caro;0;300;0
22;4;4;5;27.86;223217;44643;1;2;GC;consistencia_slider;TV;200000;6;4;8;5;5;34;0;0;0;0;0.1011;;2;2;0;caro;0;300;0
23;5;4;12;23.97;247940;20662;0;1;GC;eleccion_dominada;TV;200000;6;4;8;5;5;34;0;0;0;0;0.1011;;2;2;0;caro;0;300;0
23;5;4;12;18.91;237820;19818;1;2;GC;eleccion_dominada;TV;200000;6;4;8;5;5;34;0;0;0;0;0.1011;;2;2;0;caro;0;300;0
24;6;4;18;31.16;293480;16304;0;1;GC;consistencia_tabla;TV;200000;6;4;8;5;5;34;0;0;0;0;0.1011;;2;2;0;caro;0;300;0
24;6;4;24;24.73;298920;12455;1;2;GC;consistencia_tabla;TV;200000;6;4;8;5;5;34;0;0;0;0;0.1011;;2;2;0;caro;0;300;0
25;1;5;18;34.91;609460;33859;0;1;T3;eleccion_dominada;Salud;400000;5;6;8;11;4;17;-200;0;0;0;1.478;;3;3;1;no sabe;0;200;1
25;1;5;12;37.5;550000;45833;1;2;T3;eleccion_dominada;Salud;400000;5;6;8;11;4;17;-200;0;0;0;1.478;;3;3;1;no sabe;0;200;1
26;2;5;18;34.37;1515550;84197;1;1;T3;consistencia_slider;Viaje;1000000;5;6;8;11;4;17;-200;0;0;0;1.478;;3;3;1;no sabe;0;200;1
26;2;5;5;38.14;1158917;231783;0;2;T3;consistencia_slider;Viaje;1000000;5;6;8;11;4;17;-200;0;0;0;1.478;;3;3;1;no sabe;0;200;1
27;3;5;18;26.68;280040;15558;1;1;T3;consistencia_slider;TV;200000;5;6;8;11;4;17;-200;0;0;0;1.478;;3;3;1;no sabe;0;200;1
27;3;5;18;33.39;300170;16676;0;2;T3;consistencia_slider;TV;200000;5;6;8;11;4;17;-200;0;0;0;1.478;;3;3;1;no sabe;0;200;1
28;4;5;5;32.03;453383;90677;0;1;T3;consistencia_slider;Salud;400000;5;6;8;11;4;17;-200;0;0;0;1.478;;3;3;1;no sabe;0;200;1
28;4;5;24;33.55;668400;27850;1;2;T3;consistencia_slider;Salud;400000;5;6;8;11;4;17;-200;0;0;0;1.478;;3;3;1;no sabe;0;200;1
29;5;5;18;33.83;1507450;83747;0;1;T3;consistencia_slider;Viaje;1000000;5;6;8;11;4;17;-200;0;0;0;1.478;;3;3;1;no sabe;0;200;1
29;5;5;18;29.77;1446550;80364;1;2;T3;consistencia_slider;Viaje;1000000;5;6;8;11;4;17;-200;0;0;0;1.478;;3;3;1;no sabe;0;200;1
30;6;5;18;28.15;284450;15803;0;1;T3;consistencia_tabla;TV;200000;5;6;8;11;4;17;-200;0;0;0;1.478;;3;3;1;no sabe;0;200;1
30;6;5;8;28.51;238013;29752;1;2;T3;consistencia_tabla;TV;200000;5;6;8;11;4;17;-200;0;0;0;1.478;;3;3;1;no sabe;0;200;1
31;1;6;6;22.39;222390;37065;0;1;T2;consistencia_slider;TV;200000;4;6;10;6;4;26;1500;0;0;0;0.1099;;2;2;0;similar;0;300;1
31;1;6;18;21.4;264200;14678;1;2;T2;consistencia_slider;TV;200000;4;6;10;6;4;26;1500;0;0;0;0.1099;;2;2;0;similar;0;300;1
32;2;6;24;25.58;604640;25193;1;1;T2;eleccion_dominada;Salud;400000;4;6;10;6;4;26;1500;0;0;0;0.1099;;2;2;0;similar;0;300;1
32;2;6;8;30.65;481733;60217;0;2;T2;eleccion_dominada;Salud;400000;4;6;10;6;4;26;1500;0;0;0;0.1099;;2;2;0;similar;0;300;1
33;3;6;5;20.29;216908;43382;1;1;T2;consistencia_slider;TV;200000;4;6;10;6;4;26;1500;0;0;0;0.1099;;2;2;0;similar;0;300;1
33;3;6;6;24.17;224170;37362;0;2;T2;consistencia_slider;TV;200000;4;6;10;6;4;26;1500;0;0;0;0.1099;;2;2;0;similar;0;300;1
34;4;6;6;29.35;458700;76450;1;1;T2;consistencia_slider;Salud;400000;4;6;10;6;4;26;1500;0;0;0;0.1099;;2;2;0;similar;0;300;1
34;4;6;8;32.35;486267;60783;0;2;T2;consistencia_slider;Salud;400000;4;6;10;6;4;26;1500;0;0;0;0.1099;;2;2;0;similar;0;300;1
35;5;6;12;16.85;1168500;97375;0;1;T2;consistencia_slider;Viaje;1000000;4;6;10;6;4;26;1500;0;0;0;0.1099;;2;2;0;similar;0;300;1
35;5;6;5;22.12;1092167;218433;1;2;T2;consistencia_slider;Viaje;1000000;4;6;10;6;4;26;1500;0;0;0;0.1099;;2;2;0;similar;0;300;1
36;6;6;6;34.6;234600;39100;0;1;T2;eleccion_dominada;TV;200000;4;6;10;6;4;26;1500;0;0;0;0.1099;;2;2;0;similar;0;300;1
36;6;6;18;38.46;315380;17521;1;2;T2;eleccion_dominada;TV;200000;4;6;10;6;4;26;1500;0;0;0;0.1099;;2;2;0;similar;0;300;1
37;1;7;8;28.34;475573;59447;0;1;T2;consistencia_slider;Salud;400000;3;7;5;10;12;16;-200;0;0;0;0.0627;;3;0;1;caro;0;100;3
37;1;7;12;32.82;531280;44273;1;2;T2;consistencia_slider;Salud;400000;3;7;5;10;12;16;-200;0;0;0;0.0627;;3;0;1;caro;0;100;3
38;2;7;6;33.52;467040;77840;0;1;T2;consistencia_slider;Salud;400000;3;7;5;10;12;16;-200;0;0;0;0.0627;;3;0;1;caro;0;100;3
38;2;7;6;39.35;478700;79783;1;2;T2;consistencia_slider;Salud;400000;3;7;5;10;12;16;-200;0;0;0;0.0627;;3;0;1;caro;0;100;3
39;3;7;8;29.73;239640;29955;0;1;T2;consistencia_slider;TV;200000;3;7;5;10;12;16;-200;0;0;0;0.0627;;3;0;1;caro;0;100;3
39;3;7;12;34.25;268500;22375;1;2;T2;consistencia_slider;TV;200000;3;7;5;10;12;16;-200;0;0;0;0.0627;;3;0;1;caro;0;100;3
40;4;7;24;20.34;562720;23447;1;1;T2;consistencia_slider;Salud;400000;3;7;5;10;12;16;-200;0;0;0;0.0627;;3;0;1;caro;0;100;3
40;4;7;5;14.07;423450;84690;0;2;T2;consistencia_slider;Salud;400000;3;7;5;10;12;16;-200;0;0;0;0.0627;;3;0;1;caro;0;100;3
41;5;7;12;31.33;262660;21888;0;1;T2;consistencia_slider;TV;200000;3;7;5;10;12;16;-200;0;0;0;0.0627;;3;0;1;caro;0;100;3
41;5;7;6;28.92;228920;38153;1;2;T2;consistencia_slider;TV;200000;3;7;5;10;12;16;-200;0;0;0;0.0627;;3;0;1;caro;0;100;3
42;6;7;8;22.97;461253;57657;1;1;T2;consistencia_slider;Salud;400000;3;7;5;10;12;16;-200;0;0;0;0.0627;;3;0;1;caro;0;100;3
42;6;7;8;28.8;476800;59600;0;2;T2;consistencia_slider;Salud;400000;3;7;5;10;12;16;-200;0;0;0;0.0627;;3;0;1;caro;0;100;3
43;1;8;5;18.8;1078333;215667;1;1;T1;eleccion_dominada;Viaje;1000000;4;4;9;5;5;31;-200;0;-30971;0;1.0928;;3;3;2;barato;1;100;1
43;1;8;5;22.14;1092250;218450;0;2;T1;eleccion_dominada;Viaje;1000000;4;4;9;5;5;31;-200;0;-30971;0;1.0928;;3;3;2;barato;1;100;1
44;2;8;24;29.39;635120;26463;0;1;T1;eleccion_dominada;Salud;400000;4;4;9;5;5;31;-200;0;-30971;0;1.0928;;3;3;2;barato;1;100;1
44;2;8;6;33.18;466360;77727;1;2;T1;eleccion_dominada;Salud;400000;4;4;9;5;5;31;-200;0;-30971;0;1.0928;;3;3;2;barato;1;100;1
45;3;8;18;33.42;300260;16681;1;1;T1;eleccion_dominada;TV;200000;4;4;9;5;5;31;-200;0;-30971;0;1.0928;;3;3;2;barato;1;100;1
45;3;8;5;30.44;225367;45073;0;2;T1;eleccion_dominada;TV;200000;4;4;9;5;5;31;-200;0;-30971;0;1.0928;;3;3;2;barato;1;100;1
46;4;8;12;21.19;1211900;100992;1;1;T1;eleccion_dominada;Viaje;1000000;4;4;9;5;5;31;-200;0;-30971;0;1.0928;;3;3;2;barato;1;100;1
46;4;8;24;18.41;1368200;57008;0;2;T1;eleccion_dominada;Viaje;1000000;4;4;9;5;5;31;-200;0;-30971;0;1.0928;;3;3;2;barato;1;100;1
47;5;8;12;23.41;246820;20568;0;1;T1;consistencia_slider;TV;200000;4;4;9;5;5;31;-200;0;-30971;0;1.0928;;3;3;2;barato;1;100;1
47;5;8;6;26.25;226250;37708;1;2;T1;consistencia_slider;TV;200000;4;4;9;5;5;31;-200;0;-30971;0;1.0928;;3;3;2;barato;1;100;1
48;6;8;5;25.96;1108167;221633;1;1;T1;consistencia_tabla;Viaje;1000000;4;4;9;5;5;31;-200;0;-30971;0;1.0928;;3;3;2;barato;1;100;1
48;6;8;6;22.82;1114100;185683;0;2;T1;consistencia_tabla;Viaje;1000000;4;4;9;5;5;31;-200;0;-30971;0;1.0928;;3;3;2;barato;1;100;1
49;1;9;12;15.92;231840;19320;0;1;T2;consistencia_slider;TV;200000;3;7;12;7;5;21;1500;0;-30971;0;0.1401;;2;2;0;caro;1;500;1
49;1;9;5;17.7;214750;42950;1;2;T2;consistencia_slider;TV;200000;3;7;12;7;5;21;1500;0;-30971;0;0.1401;;2;2;0;caro;1;500;1
50;2;9;24;18.89;551120;22963;0;1;T2;eleccion_dominada;Salud;400000;3;7;12;7;5;21;1500;0;-30971;0;0.1401;;2;2;0;caro;1;500;1
50;2;9;12;17.03;468120;39010;1;2;T2;eleccion_dominada;Salud;400000;3;7;12;7;5;21;1500;0;-30971;0;0.1401;;2;2;0;caro;1;500;1
51;3;9;5;15.11;425183;85037;1;1;T2;eleccion_dominada;Salud;400000;3;7;12;7;5;21;1500;0;-30971;0;0.1401;;2;2;0;caro;1;500;1
51;3;9;6;19.56;439120;73187;0;2;T2;eleccion_dominada;Salud;400000;3;7;12;7;5;21;1500;0;-30971;0;0.1401;;2;2;0;caro;1;500;1
52;4;9;18;24.29;545740;30319;0;1;T2;eleccion_dominada;Salud;400000;3;7;12;7;5;21;1500;0;-30971;0;0.1401;;2;2;0;caro;1;500;1
52;4;9;5;20.28;433800;86760;1;2;T2;eleccion_dominada;Salud;400000;3;7;12;7;5;21;1500;0;-30971;0;0.1401;;2;2;0;caro;1;500;1
53;5;9;18;25.62;1384300;76906;0;1;T2;eleccion_dominada;Viaje;1000000;3;7;12;7;5;21;1500;0;-30971;0;0.1401;;2;2;0;caro;1;500;1
53;5;9;12;27.15;1271500;105958;1;2;T2;eleccion_dominada;Viaje;1000000;3;7;12;7;5;21;1500;0;-30971;0;0.1401;;2;2;0;caro;1;500;1
54;6;9;18;23.53;541180;30066;1;1;T2;eleccion_dominada;Salud;400000;3;7;12;7;5;21;1500;0;-30971;0;0.1401;;2;2;0;caro;1;500;1
54;6;9;6;22.66;445320;74220;0;2;T2;eleccion_dominada;Salud;400000;3;7;12;7;5;21;1500;0;-30971;0;0.1401;;2;2;0;caro;1;500;1
55;1;10;24;19.63;278520;11605;0;1;T1;consistencia_slider;TV;200000;4;9;12;8;8;26;0;0;-30971;0;0.3517;;3;2;2;barato;1;200;2
55;1;10;6;14.07;214070;35678;1;2;T1;consistencia_slider;TV;200000;4;9;12;8;8;26;0;0;-30971;0;0.3517;;3;2;2;barato;1;200;2
56;2;10;12;25.85;1258500;104875;0;1;T1;consistencia_tabla;Viaje;1000000;4;9;12;8;8;26;0;0;-30971;0;0.3517;;3;2;2;barato;1;200;2
56;2;10;12;18.85;1188500;99042;1;2;T1;consistencia_tabla;Viaje;1000000;4;9;12;8;8;26;0;0;-30971;0;0.3517;;3;2;2;barato;1;200;2
57;3;10;18;15.39;492340;27352;1;1;T1;eleccion_dominada;Salud;400000;4;9;12;8;8;26;0;0;-30971;0;0.3517;;3;2;2;barato;1;200;2
57;3;10;5;13.48;422467;84493;0;2;T1;eleccion_dominada;Salud;400000;4;9;12;8;8;26;0;0;-30971;0;0.3517;;3;2;2;barato;1;200;2
58;4;10;12;32.07;1320700;110058;1;1;T1;consistencia_tabla;Viaje;1000000;4;9;12;8;8;26;0;0;-30971;0;0.3517;;3;2;2;barato;1;200;2
58;4;10;24;32.68;1653600;68900;0;2;T1;consistencia_tabla;Viaje;1000000;4;9;12;8;8;26;0;0;-30971;0;0.3517;;3;2;2;barato;1;200;2
59;5;10;8;24.76;466027;58253;0;1;T1;consistencia_slider;Salud;400000;4;9;12;8;8;26;0;0;-30971;0;0.3517;;3;2;2;barato;1;200;2
59;5;10;5;23.73;439550;87910;1;2;T1;consistencia_slider;Salud;400000;4;9;12;8;8;26;0;0;-30971;0;0.3517;;3;2;2;barato;1;200;2
60;6;10;24;30.96;647680;26987;1;1;T1;eleccion_dominada;Salud;400000;4;9;12;8;8;26;0;0;-30971;0;0.3517;;3;2;2;barato;1;200;2
60;6;10;12;25.6;502400;41867;0;2;T1;eleccion_dominada;Salud;400000;4;9;12;8;8;26;0;0;-30971;0;0.3517;;3;2;2;barato;1;200;2
61;1;11;12;30.04;1300400;108367;0;1;T3;consistencia_tabla;Viaje;1000000;2;3;11;7;11;17;0;0;-30971;0;0.5687;;2;3;1;similar;0;500;2
61;1;11;5;26.08;1108667;221733;1;2;T3;consistencia_tabla;Viaje;1000000;2;3;11;7;11;17;0;0;-30971;0;0.5687;;2;3;1;similar;0;500;2
62;2;11;8;16.04;442773;55347;1;1;T3;eleccion_dominada;Salud;400000;2;3;11;7;11;17;0;0;-30971;0;0.5687;;2;3;1;similar;0;500;2
62;2;11;5;11.63;419383;83877;0;2;T3;eleccion_dominada;Salud;400000;2;3;11;7;11;17;0;0;-30971;0;0.5687;;2;3;1;similar;0;500;2
63;3;11;6;30.08;460160;76693;0;1;T3;consistencia_slider;Salud;400000;2;3;11;7;11;17;0;0;-30971;0;0.5687;;2;3;1;similar;0;500;2
63;3;11;5;25.27;442117;88423;1;2;T3;consistencia_slider;Salud;400000;2;3;11;7;11;17;0;0;-30971;0;0.5687;;2;3;1;similar;0;500;2
64;4;11;5;24.47;220392;44078;1;1;T3;consistencia_slider;TV;200000;2;3;11;7;11;17;0;0;-30971;0;0.5687;;2;3;1;similar;0;500;2
64;4;11;6;25.49;225490;37582;0;2;T3;consistencia_slider;TV;200000;2;3;11;7;11;17;0;0;-30971;0;0.5687;;2;3;1;similar;0;500;2
65;5;11;18;18.36;1275400;70856;1;1;T3;consistencia_tabla;Viaje;1000000;2;3;11;7;11;17;0;0;-30971;0;0.5687;;2;3;1;similar;0;500;2
65;5;11;24;25.78;1515600;63150;0;2;T3;consistencia_tabla;Viaje;1000000;2;3;11;7;11;17;0;0;-30971;0;0.5687;;2;3;1;similar;0;500;2
66;6;11;5;17.16;214300;42860;0;1;T3;consistencia_tabla;TV;200000;2;3;11;7;11;17;0;0;-30971;0;0.5687;;2;3;1;similar;0;500;2
66;6;11;18;24.02;272060;15114;1;2;T3;consistencia_tabla;TV;200000;2;3;11;7;11;17;0;0;-30971;0;0.5687;;2;3;1;similar;0;500;2
67;1;12;24;16.38;531040;22127;1;1;T3;consistencia_tabla;Salud;400000;6;8;8;6;8;33;1500;0;0;0;1.1943;;4;0;1;no sabe;1;1500;1
67;1;12;12;13.84;455360;37947;0;2;T3;consistencia_tabla;Salud;400000;6;8;8;6;8;33;1500;0;0;0;1.1943;;4;0;1;no sabe;1;1500;1
68;2;12;24;34.22;336880;14037;1;1;T3;consistencia_tabla;TV;200000;6;8;8;6;8;33;1500;0;0;0;1.1943;;4;0;1;no sabe;1;1500;1
68;2;12;12;40.49;280980;23415;0;2;T3;consistencia_tabla;TV;200000;6;8;8;6;8;33;1500;0;0;0;1.1943;;4;0;1;no sabe;1;1500;1
69;3;12;24;29.68;1593600;66400;1;1;T3;consistencia_slider;Viaje;1000000;6;8;8;6;8;33;1500;0;0;0;1.1943;;4;0;1;no sabe;1;1500;1
69;3;12;18;26.0;1390000;77222;0;2;T3;consistencia_slider;Viaje;1000000;6;8;8;6;8;33;1500;0;0;0;1.1943;;4;0;1;no sabe;1;1500;1
70;4;12;18;31.51;1472650;81814;1;1;T3;consistencia_tabla;Viaje;1000000;6;8;8;6;8;33;1500;0;0;0;1.1943;;4;0;1;no sabe;1;1500;1
70;4;12;6;27.8;1139000;189833;0;2;T3;consistencia_tabla;Viaje;1000000;6;8;8;6;8;33;1500;0;0;0;1.1943;;4;0;1;no sabe;1;1500;1
71;5;12;6;32.63;232630;38772;1;1;T3;consistencia_tabla;TV;200000;6;8;8;6;8;33;1500;0;0;0;1.1943;;4;0;1;no sabe;1;1500;1
71;5;12;18;36.64;309920;17218;0;2;T3;consistencia_tabla;TV;200000;6;8;8;6;8;33;1500;0;0;0;1.1943;;4;0;1;no sabe;1;1500;1
72;6;12;8;15.57;1103800;137975;0;1;T3;consistencia_tabla;Viaje;1000000;6;8;8;6;8;33;1500;0;0;0;1.1943;;4;0;1;no sabe;1;1500;1
72;6;12;6;10.48;1052400;175400;1;2;T3;consistencia_tabla;Viaje;1000000;6;8;8;6;8;33;1500;0;0;0;1.1943;;4;0;1;no sabe;1;1500;1
73;1;13;6;16.86;1084300;180717;0;1;GC;consistencia_slider;Viaje;1000000;4;7;5;13;7;14;0;0;5000;0;0.7329;;2;3;2;no sabe;1;800;2
73;1;13;6;15.33;1076650;179442;1;2;GC;consistencia_slider;Viaje;1000000;4;7;5;13;7;14;0;0;5000;0;0.7329;;2;3;2;no sabe;1;800;2
74;2;13;18;24.47;546820;30379;1;1;GC;consistencia_tabla;Salud;400000;4;7;5;13;7;14;0;0;5000;0;0.7329;;2;3;2;no sabe;1;800;2
74;2;13;24;21.97;575760;23990;0;2;GC;consistencia_tabla;Salud;400000;4;7;5;13;7;14;0;0;5000;0;0.7329;;2;3;2;no sabe;1;800;2
75;3;13;8;24.07;1160467;145058;1;1;GC;eleccion_dominada;Viaje;1000000;4;7;5;13;7;14;0;0;5000;0;0.7329;;2;3;2;no sabe;1;800;2
75;3;13;5;20.09;1083708;216742;0;2;GC;eleccion_dominada;Viaje;1000000;4;7;5;13;7;14;0;0;5000;0;0.7329;;2;3;2;no sabe;1;800;2
76;4;13;24;29.86;1597200;66550;1;1;GC;consistencia_slider;Viaje;1000000;4;7;5;13;7;14;0;0;5000;0;0.7329;;2;3;2;no sabe;1;800;2
76;4;13;6;24.82;1124100;187350;0;2;GC;consistencia_slider;Viaje;1000000;4;7;5;13;7;14;0;0;5000;0;0.7329;;2;3;2;no sabe;1;800;2
77;5;13;18;26.79;1401850;77881;1;1;GC;eleccion_dominada;Viaje;1000000;4;7;5;13;7;14;0;0;5000;0;0.7329;;2;3;2;no sabe;1;800;2
77;5;13;5;28.34;1118083;223617;0;2;GC;eleccion_dominada;Viaje;1000000;4;7;5;13;7;14;0;0;5000;0;0.7329;;2;3;2;no sabe;1;800;2
78;6;13;8;22.22;1148133;143517;1;1;GC;consistencia_slider;Viaje;1000000;4;7;5;13;7;14;0;0;5000;0;0.7329;;2;3;2;no sabe;1;800;2
78;6;13;18;14.45;1216750;67597;0;2;GC;consistencia_slider;Viaje;1000000;4;7;5;13;7;14;0;0;5000;0;0.7329;;2;3;2;no sabe;1;800;2
79;1;14;12;31.44;1314400;109533;1;1;GC;consistencia_slider;Viaje;1000000;3;8;12;6;4;30;401;0;5000;0;0.7181;;3;1;0;similar;0;800;1
79;1;14;18;31.31;1469650;81647;0;2;GC;consistencia_slider;Viaje;1000000;3;8;12;6;4;30;401;0;5000;0;0.7181;;3;1;0;similar;0;800;1
80;2;14;18;17.98;253940;14108;1;1;GC;consistencia_slider;TV;200000;3;8;12;6;4;30;401;0;5000;0;0.7181;;3;1;0;similar;0;800;1
80;2;14;5;25.17;220975;44195;0;2;GC;consistencia_slider;TV;200000;3;8;12;6;4;30;401;0;5000;0;0.7181;;3;1;0;similar;0;800;1
81;3;14;18;30.29;290870;16159;1;1;GC;eleccion_dominada;TV;200000;3;8;12;6;4;30;401;0;5000;0;0.7181;;3;1;0;similar;0;800;1
81;3;14;18;31.83;295490;16416;0;2;GC;eleccion_dominada;TV;200000;3;8;12;6;4;30;401;0;5000;0;0.7181;;3;1;0;similar;0;800;1
82;4;14;12;24.01;496040;41337;0;1;GC;consistencia_tabla;Salud;400000;3;8;12;6;4;30;401;0;5000;0;0.7181;;3;1;0;similar;0;800;1
82;4;14;18;20.77;524620;29146;1;2;GC;consistencia_tabla;Salud;400000;3;8;12;6;4;30;401;0;5000;0;0.7181;;3;1;0;similar;0;800;1
83;5;14;18;27.42;1411300;78406;1;1;GC;eleccion_dominada;Viaje;1000000;3;8;12;6;4;30;401;0;5000;0;0.7181;;3;1;0;similar;0;800;1
83;5;14;5;34.78;1144917;228983;0;2;GC;eleccion_dominada;Viaje;1000000;3;8;12;6;4;30;401;0;5000;0;0.7181;;3;1;0;similar;0;800;1
84;6;14;24;19.22;276880;11537;0;1;GC;eleccion_dominada;TV;200000;3;8;12;6;4;30;401;0;5000;0;0.7181;;3;1;0;similar;0;800;1
84;6;14;6;12.52;212520;35420;1;2;GC;eleccion_dominada;TV;200000;3;8;12;6;4;30;401;0;5000;0;0.7181;;3;1;0;similar;0;800;1
85;1;15;24;25.89;1517800;63242;1;1;GC;consistencia_slider;Viaje;1000000;6;6;9;5;7;21;401;0;5000;0;0.1068;;2;2;2;caro;0;500;2
85;1;15;8;20.27;1135133;141892;0;2;GC;consistencia_slider;Viaje;1000000;6;6;9;5;7;21;401;0;5000;0;0.1068;;2;2;2;caro;0;500;2
86;2;15;8;18.32;224427;28053;0;1;GC;consistencia_slider;TV;200000;6;6;9;5;7;21;401;0;5000;0;0.1068;;2;2;2;caro;0;500;2
86;2;15;18;19.84;259520;14418;1;2;GC;consistencia_slider;TV;200000;6;6;9;5;7;21;401;0;5000;0;0.1068;;2;2;2;caro;0;500;2
87;3;15;8;24.37;1162467;145308;1;1;GC;consistencia_slider;Viaje;1000000;6;6;9;5;7;21;401;0;5000;0;0.1068;;2;2;2;caro;0;500;2
87;3;15;8;27.57;1183800;147975;0;2;GC;consistencia_slider;Viaje;1000000;6;6;9;5;7;21;401;0;5000;0;0.1068;;2;2;2;caro;0;500;2
88;4;15;5;16.61;1069208;213842;1;1;GC;consistencia_tabla;Viaje;1000000;6;6;9;5;7;21;401;0;5000;0;0.1068;;2;2;2;caro;0;500;2
88;4;15;24;22.84;1456800;60700;0;2;GC;consistencia_tabla;Viaje;1000000;6;6;9;5;7;21;401;0;5000;0;0.1068;;2;2;2;caro;0;500;2
89;5;15;24;16.83;1336600;55692;0;1;GC;consistencia_slider;Viaje;1000000;6;6;9;5;7;21;401;0;5000;0;0.1068;;2;2;2;caro;0;500;2
89;5;15;18;22.21;1333150;74064;1;2;GC;consistencia_slider;Viaje;1000000;6;6;9;5;7;21;401;0;5000;0;0.1068;;2;2;2;caro;0;500;2
90;6;15;18;31.43;294290;16349;0;1;GC;eleccion_dominada;TV;200000;6;6;9;5;7;21;401;0;5000;0;0.1068;;2;2;2;caro;0;500;2
90;6;15;6;24.07;224070;37345;1;2;GC;eleccion_dominada;TV;200000;6;6;9;5;7;21;401;0;5000;0;0.1068;;2;2;2;caro;0;500;2
91;1;16;12;20.76;483040;40253;1;1;T2;consistencia_tabla;Salud;400000;5;8;12;6;11;23;-200;0;-30971;0;0.4816;;2;1;1;no sabe;1;200;3
91;1;16;18;25.78;554680;30816;0;2;T2;consistencia_tabla;Salud;400000;5;8;12;6;11;23;-200;0;-30971;0;0.4816;;2;1;1;no sabe;1;200;3
92;2;16;5;20.05;216708;43342;0;1;T2;consistencia_tabla;TV;200000;5;8;12;6;11;23;-200;0;-30971;0;0.4816;;2;1;1;no sabe;1;200;3
92;2;16;12;27.57;255140;21262;1;2;T2;consistencia_tabla;TV;200000;5;8;12;6;11;23;-200;0;-30971;0;0.4816;;2;1;1;no sabe;1;200;3
93;3;16;12;32.39;264780;22065;0;1;T2;eleccion_dominada;TV;200000;5;8;12;6;11;23;-200;0;-30971;0;0.4816;;2;1;1;no sabe;1;200;3
93;3;16;6;31.0;231000;38500;1;2;T2;eleccion_dominada;TV;200000;5;8;12;6;11;23;-200;0;-30971;0;0.4816;;2;1;1;no sabe;1;200;3
94;4;16;5;27.51;445850;89170;1;1;T2;consistencia_tabla;Salud;400000;5;8;12;6;11;23;-200;0;-30971;0;0.4816;;2;1;1;no sabe;1;200;3
94;4;16;18;22.77;536620;29812;0;2;T2;consistencia_tabla;Salud;400000;5;8;12;6;11;23;-200;0;-30971;0;0.4816;;2;1;1;no sabe;1;200;3
95;5;16;12;32.62;1326200;110517;1;1;T2;consistencia_tabla;Viaje;1000000;5;8;12;6;11;23;-200;0;-30971;0;0.4816;;2;1;1;no sabe;1;200;3
95;5;16;24;26.56;1531200;63800;0;2;T2;consistencia_tabla;Viaje;1000000;5;8;12;6;11;23;-200;0;-30971;0;0.4816;;2;1;1;no sabe;1;200;3
96;6;16;18;18.17;254510;14139;0;1;T2;eleccion_dominada;TV;200000;5;8;12;6;11;23;-200;0;-30971;0;0.4816;;2;1;1;no sabe;1;200;3
96;6;16;12;10.39;220780;18398;1;2;T2;eleccion_dominada;TV;200000;5;8;12;6;11;23;-200;0;-30971;0;0.4816;;2;1;1;no sabe;1;200;3
97;1;17;6;29.93;459860;76643;0;1;T3;eleccion_dominada;Salud;400000;3;6;9;13;8;25;-200;0;5000;0;0.3656;;4;1;1;caro;0;500;3
97;1;17;8;35.75;495333;61917;1;2;T3;eleccion_dominada;Salud;400000;3;6;9;13;8;25;-200;0;5000;0;0.3656;;4;1;1;caro;0;500;3
98;2;17;18;33.68;1505200;83622;0;1;T3;consistencia_tabla;Viaje;1000000;3;6;9;13;8;25;-200;0;5000;0;0.3656;;4;1;1;caro;0;500;3
98;2;17;5;29.95;1124792;224958;1;2;T3;consistencia_tabla;Viaje;1000000;3;6;9;13;8;25;-200;0;5000;0;0.3656;;4;1;1;caro;0;500;3
99;3;17;24;26.6;1532000;63833;0;1;T3;eleccion_dominada;Viaje;1000000;3;6;9;13;8;25;-200;0;5000;0;0.3656;;4;1;1;caro;0;500;3
99;3;17;6;26.43;1132150;188692;1;2;T3;eleccion_dominada;Viaje;1000000;3;6;9;13;8;25;-200;0;5000;0;0.3656;;4;1;1;caro;0;500;3
100;4;17;18;21.65;1324750;73597;1;1;T3;consistencia_tabla;Viaje;1000000;3;6;9;13;8;25;-200;0;5000;0;0.3656;;4;1;1;caro;0;500;3
100;4;17;8;19.69;1131267;141408;0;2;T3;consistencia_tabla;Viaje;1000000;3;6;9;13;8;25;-200;0;5000;0;0.3656;;4;1;1;caro;0;500;3
101;5;17;6;26.44;452880;75480;1;1;T3;consistencia_slider;Salud;400000;3;6;9;13;8;25;-200;0;5000;0;0.3656;;4;1;1;caro;0;500;3
101;5;17;12;32.14;528560;44047;0;2;T3;consistencia_slider;Salud;400000;3;6;9;13;8;25;-200;0;5000;0;0.3656;;4;1;1;caro;0;500;3
102;6;17;12;29.1;516400;43033;0;1;T3;consistencia_tabla;Salud;400000;3;6;9;13;8;25;-200;0;5000;0;0.3656;;4;1;1;caro;0;500;3
102;6;17;24;27.28;618240;25760;1;2;T3;consistencia_tabla;Salud;400000;3;6;9;13;8;25;-200;0;5000;0;0.3656;;4;1;1;caro;0;500;3
103;1;18;8;30.63;240840;30105;1;1;T2;consistencia_tabla;TV;200000;3;7;10;6;11;15;1500;0;5000;0;0.023;;2;3;2;caro;0;500;3
103;1;18;24;28.05;312200;13008;0;2;T2;consistencia_tabla;TV;200000;3;7;10;6;11;15;1500;0;5000;0;0.023;;2;3;2;caro;0;500;3
104;2;18;18;32.05;296150;16453;0;1;T2;consistencia_tabla;TV;200000;3;7;10;6;11;15;1500;0;5000;0;0.023;;2;3;2;caro;0;500;3
104;2;18;8;30.13;240173;30022;1;2;T2;consistencia_tabla;TV;200000;3;7;10;6;11;15;1500;0;5000;0;0.023;;2;3;2;caro;0;500;3
105;3;18;5;15.72;1065500;213100;0;1;T2;eleccion_dominada;Viaje;1000000;3;7;10;6;11;15;1500;0;5000;0;0.023;;2;3;2;caro;0;500;3
105;3;18;24;11.48;1229600;51233;1;2;T2;eleccion_dominada;Viaje;1000000;3;7;10;6;11;15;1500;0;5000;0;0.023;;2;3;2;caro;0;500;3
106;4;18;5;16.81;214008;42802;0;1;T2;eleccion_dominada;TV;200000;3;7;10;6;11;15;1500;0;5000;0;0.023;;2;3;2;caro;0;500;3
106;4;18;24;20.98;283920;11830;1;2;T2;eleccion_dominada;TV;200000;3;7;10;6;11;15;1500;0;5000;0;0.023;;2;3;2;caro;0;500;3
107;5;18;5;28.88;1120333;224067;0;1;T2;consistencia_slider;Viaje;1000000;3;7;10;6;11;15;1500;0;5000;0;0.023;;2;3;2;caro;0;500;3
107;5;18;5;21.62;1090083;218017;1;2;T2;consistencia_slider;Viaje;1000000;3;7;10;6;11;15;1500;0;5000;0;0.023;;2;3;2;caro;0;500;3
108;6;18;18;17.91;1268650;70481;0;1;T2;consistencia_tabla;Viaje;1000000;3;7;10;6;11;15;1500;0;5000;0;0.023;;2;3;2;caro;0;500;3
108;6;18;24;16.5;1330000;55417;1;2;T2;consistencia_tabla;Viaje;1000000;3;7;10;6;11;15;1500;0;5000;0;0.023;;2;3;2;caro;0;500;3
109;1;19;12;18.16;472640;39387;1;1;GC;eleccion_dominada;Salud;400000;6;8;8;12;6;19;-200;0;-30971;0;0.6894;;4;0;1;similar;0;800;3
109;1;19;18;25.28;551680;30649;0;2;GC;eleccion_dominada;Salud;400000;6;8;8;12;6;19;-200;0;-30971;0;0.6894;;4;0;1;similar;0;800;3
110;2;19;8;20.0;1133333;141667;0;1;GC;eleccion_dominada;Viaje;1000000;6;8;8;12;6;19;-200;0;-30971;0;0.6894;;4;0;1;similar;0;800;3
110;2;19;12;15.19;1151900;95992;1;2;GC;eleccion_dominada;Viaje;1000000;6;8;8;12;6;19;-200;0;-30971;0;0.6894;;4;0;1;similar;0;800;3
111;3;19;8;22.63;230173;28772;1;1;GC;consistencia_slider;TV;200000;6;8;8;12;6;19;-200;0;-30971;0;0.6894;;4;0;1;similar;0;800;3
111;3;19;24;23.83;295320;12305;0;2;GC;consistencia_slider;TV;200000;6;8;8;12;6;19;-200;0;-30971;0;0.6894;;4;0;1;similar;0;800;3
112;4;19;18;20.49;522940;29052;0;1;GC;consistencia_tabla;Salud;400000;6;8;8;12;6;19;-200;0;-30971;0;0.6894;;4;0;1;similar;0;800;3
112;4;19;24;26.33;610640;25443;1;2;GC;consistencia_tabla;Salud;400000;6;8;8;12;6;19;-200;0;-30971;0;0.6894;;4;0;1;similar;0;800;3
113;5;19;8;24.93;466480;58310;0;1;GC;eleccion_dominada;Salud;400000;6;8;8;12;6;19;-200;0;-30971;0;0.6894;;4;0;1;similar;0;800;3
113;5;19;6;29.34;458680;76447;1;2;GC;eleccion_dominada;Salud;400000;6;8;8;12;6;19;-200;0;-30971;0;0.6894;;4;0;1;similar;0;800;3
114;6;19;18;27.73;1415950;78664;0;1;GC;consistencia_slider;Viaje;1000000;6;8;8;12;6;19;-200;0;-30971;0;0.6894;;4;0;1;similar;0;800;3
114;6;19;24;23.74;1474800;61450;1;2;GC;consistencia_slider;Viaje;1000000;6;8;8;12;6;19;-200;0;-30971;0;0.6894;;4;0;1;similar;0;800;3
115;1;20;8;32.53;243373;30422;0;1;T2;eleccion_dominada;TV;200000;2;5;12;5;9;35;0;0;0;0;1.3644;;3;3;0;caro;0;1500;0
115;1;20;8;33.02;244027;30503;1;2;T2;eleccion_dominada;TV;200000;2;5;12;5;9;35;0;0;0;0;1.3644;;3;3;0;caro;0;1500;0
116;2;20;8;34.35;1229000;153625;0;1;T2;consistencia_tabla;Viaje;1000000;2;5;12;5;9;35;0;0;0;0;1.3644;;3;3;0;caro;0;1500;0
116;2;20;8;38.29;1255267;156908;1;2;T2;consistencia_tabla;Viaje;1000000;2;5;12;5;9;35;0;0;0;0;1.3644;;3;3;0;caro;0;1500;0
117;3;20;6;17.82;1089100;181517;0;1;T2;consistencia_slider;Viaje;1000000;2;5;12;5;9;35;0;0;0;0;1.3644;;3;3;0;caro;0;1500;0
117;3;20;24;23.58;1471600;61317;1;2;T2;consistencia_slider;Viaje;1000000;2;5;12;5;9;35;0;0;0;0;1.3644;;3;3;0;caro;0;1500;0
118;4;20;12;22.32;1223200;101933;0;1;T2;eleccion_dominada;Viaje;1000000;2;5;12;5;9;35;0;0;0;0;1.3644;;3;3;0;caro;0;1500;0
118;4;20;18;14.54;1218100;67672;1;2;T2;eleccion_dominada;Viaje;1000000;2;5;12;5;9;35;0;0;0;0;1.3644;;3;3;0;caro;0;1500;0
119;5;20;8;29.98;1199867;149983;0;1;T2;eleccion_dominada;Viaje;1000000;2;5;12;5;9;35;0;0;0;0;1.3644;;3;3;0;caro;0;1500;0
119;5;20;24;31.33;1626600;67775;1;2;T2;eleccion_dominada;Viaje;1000000;2;5;12;5;9;35;0;0;0;0;1.3644;;3;3;0;caro;0;1500;0
120;6;20;5;19.68;216400;43280;1;1;T2;eleccion_dominada;TV;200000;2;5;12;5;9;35;0;0;0;0;1.3644;;3;3;0;caro;0;1500;0
120;6;20;18;21.59;264770;14709;0;2;T2;eleccion_dominada;TV;200000;2;5;12;5;9;35;0;0;0;0;1.3644;;3;3;0;caro;0;1500;0
121;1;21;24;22.42;1448400;60350;0;1;T2;consistencia_tabla;Viaje;1000000;4;8;11;6;6;13;0;0;-30971;0;1.4939;;2;0;0;caro;0;1500;2
121;1;21;18;25.56;1383400;76856;1;2;T2;consistencia_tabla;Viaje;1000000;4;8;11;6;6;13;0;0;-30971;0;1.4939;;2;0;0;caro;0;1500;2
122;2;21;12;18.09;472360;39363;1;1;T2;eleccion_dominada;Salud;400000;4;8;11;6;6;13;0;0;-30971;0;1.4939;;2;0;0;caro;0;1500;2
122;2;21;12;20.57;482280;40190;0;2;T2;eleccion_dominada;Salud;400000;4;8;11;6;6;13;0;0;-30971;0;1.4939;;2;0;0;caro;0;1500;2
123;3;21;6;28.81;1144050;190675;1;1;T2;consistencia_slider;Viaje;1000000;4;8;11;6;6;13;0;0;-30971;0;1.4939;;2;0;0;caro;0;1500;2
123;3;21;6;27.9;1139500;189917;0;2;T2;consistencia_slider;Viaje;1000000;4;8;11;6;6;13;0;0;-30971;0;1.4939;;2;0;0;caro;0;1500;2
124;4;21;24;22.35;289400;12058;0;1;T2;eleccion_dominada;TV;200000;4;8;11;6;6;13;0;0;-30971;0;1.4939;;2;0;0;caro;0;1500;2
124;4;21;12;20.09;240180;20015;1;2;T2;eleccion_dominada;TV;200000;4;8;11;6;6;13;0;0;-30971;0;1.4939;;2;0;0;caro;0;1500;2
125;5;21;6;16.83;216830;36138;0;1;T2;consistencia_tabla;TV;200000;4;8;11;6;6;13;0;0;-30971;0;1.4939;;2;0;0;caro;0;1500;2
125;5;21;18;19.1;257300;14294;1;2;T2;consistencia_tabla;TV;200000;4;8;11;6;6;13;0;0;-30971;0;1.4939;;2;0;0;caro;0;1500;2
126;6;21;6;19.87;219870;36645;1;1;T2;consistencia_tabla;TV;200000;4;8;11;6;6;13;0;0;-30971;0;1.4939;;2;0;0;caro;0;1500;2
126;6;21;6;24.46;224460;37410;0;2;T2;consistencia_tabla;TV;200000;4;8;11;6;6;13;0;0;-30971;0;1.4939;;2;0;0;caro;0;1500;2
127;1;22;6;22.16;222160;37027;0;1;T2;consistencia_slider;TV;200000;3;5;7;14;4;20;0;0;0;0;0.8103;;2;0;2;barato;0;800;1
127;1;22;5;23.58;219650;43930;1;2;T2;consistencia_slider;TV;200000;3;5;7;14;4;20;0;0;0;0;0.8103;;2;0;2;barato;0;800;1
128;2;22;18;29.83;289490;16083;0;1;T2;consistencia_slider;TV;200000;3;5;7;14;4;20;0;0;0;0;0.8103;;2;0;2;barato;0;800;1
128;2;22;5;23.65;219708;43942;1;2;T2;consistencia_slider;TV;200000;3;5;7;14;4;20;0;0;0;0;0.8103;;2;0;2;barato;0;800;1
129;3;22;12;26.87;1268700;105725;1;1;T2;eleccion_dominada;Viaje;1000000;3;5;7;14;4;20;0;0;0;0;0.8103;;2;0;2;barato;0;800;1
129;3;22;18;26.93;1403950;77997;0;2;T2;eleccion_dominada;Viaje;1000000;3;5;7;14;4;20;0;0;0;0;0.8103;;2;0;2;barato;0;800;1
130;4;22;24;21.03;568240;23677;1;1;T2;eleccion_dominada;Salud;400000;3;5;7;14;4;20;0;0;0;0;0.8103;;2;0;2;barato;0;800;1
130;4;22;5;28.45;447417;89483;0;2;T2;eleccion_dominada;Salud;400000;3;5;7;14;4;20;0;0;0;0;0.8103;;2;0;2;barato;0;800;1
131;5;22;12;28.72;1287200;107267;1;1;T2;consistencia_tabla;Viaje;1000000;3;5;7;14;4;20;0;0;0;0;0.8103;;2;0;2;barato;0;800;1
131;5;22;12;32.12;1321200;110100;0;2;T2;consistencia_tabla;Viaje;1000000;3;5;7;14;4;20;0;0;0;0;0.8103;;2;0;2;barato;0;800;1
132;6;22;5;27.17;222642;44528;1;1;T2;consistencia_tabla;TV;200000;3;5;7;14;4;20;0;0;0;0;0.8103;;2;0;2;barato;0;800;1
132;6;22;18;21.19;263570;14643;0;2;T2;consistencia_tabla;TV;200000;3;5;7;14;4;20;0;0;0;0;0.8103;;2;0;2;barato;0;800;1
